id,name,city,uf,status,organization,start,end,actualStart,actualEnd,investmentTotal,detailCheckedAt,sourceUrl
"128622.33-16","Obra de reforma dos 3º e 5º do Pavilhão Rocha Lima, ocupados por laborat. e coleções de nível de risco biológico NB-2 do Instituto Oswaldo Cruz, com ampliação para construção de torre de utilidades.","Rio de Janeiro","RJ","Cadastrada","FUNDAÇÃO OSWALDO CRUZ","2026-04-30","2028-07-30","","","31494384.08","2026-09-26T03:04:11.369Z","https://api-publica.obrasgov.gestao.gov.br/obras/projeto-investimento?id_projeto_investimento=128622.33-16&pagina=1&tamanho_da_pagina=2"
"7207.33-55","REDIMENSIONAMENTO DAS REDES DE ESGOTO E ÁGUAS PLUVIAS - HFB","Rio de Janeiro","RJ","Cadastrada","MINISTÉRIO DA SAÚDE","2023-03-20","2023-07-20","","","260148.9","2026-09-26T03:04:11.791Z","https://api-publica.obrasgov.gestao.gov.br/obras/projeto-investimento?id_projeto_investimento=7207.33-55&pagina=1&tamanho_da_pagina=2"
"4902.35-23","Construção de restaurante estudantil do Câmpus Pirituba","São Paulo","SP","Em execução","INST.FED.DE EDUC.,CIENC.E TEC.DE SAO PAULO","2022-02-01","2022-12-18","","2022-02-01","3629137.54","2026-09-26T03:04:12.104Z","https://api-publica.obrasgov.gestao.gov.br/obras/projeto-investimento?id_projeto_investimento=4902.35-23&pagina=1&tamanho_da_pagina=2"
"59693.35-95","Reforma Necrópsia e do Hospital de Ruminantes da FMVZ USP","São Paulo","SP","Cadastrada","UNIVERSIDADE DE SAO PAULO","2026-01-05","2027-01-05","","","7177207.26","2026-09-26T03:04:12.421Z","https://api-publica.obrasgov.gestao.gov.br/obras/projeto-investimento?id_projeto_investimento=59693.35-95&pagina=1&tamanho_da_pagina=2"
"45919.31-65","Const. do Anexo da Escola de Enfermagem","Belo Horizonte","MG","Cadastrada","UNIVERSIDADE FEDERAL DE MINAS GERAIS","2026-01-01","2027-06-30","","","18000000","2026-09-26T03:04:12.631Z","https://api-publica.obrasgov.gestao.gov.br/obras/projeto-investimento?id_projeto_investimento=45919.31-65&pagina=1&tamanho_da_pagina=2"
"92142.31-00","SERVIÇOS DE MANUTENÇÃO DA CASA DO CONDE DE SANTA MARINHA - CASA DO PATRIMÔNIO","Belo Horizonte","MG","Em execução","INSTITUTO DO PATRIMONIO HIST. E ART. NACIONAL","2025-09-01","2026-08-30","","","598900","2026-09-26T03:04:12.834Z","https://api-publica.obrasgov.gestao.gov.br/obras/projeto-investimento?id_projeto_investimento=92142.31-00&pagina=1&tamanho_da_pagina=2"
"45892.29-61","EXECUÇÃO DA SEGUNDA ETAPA DE CONSTRUÇÃO DA ESCOLA DE MUSICA","Salvador","BA","Em execução","UNIVERSIDADE FEDERAL DA BAHIA","2025-10-16","2028-11-29","","","16000000","2026-09-26T03:04:13.041Z","https://api-publica.obrasgov.gestao.gov.br/obras/projeto-investimento?id_projeto_investimento=45892.29-61&pagina=1&tamanho_da_pagina=2"
"60185.29-20","IGM - FIOCRUZ-BA -  PROC. SEI Nº 25383.000157/2025-75 - OBRA DE RECUPERAÇÃO DAS FACHADAS, DAS COBERTURAS DOS PRÉDIOS E DO MURO DO IGM/FIOCRUZ-BA.","Salvador","BA","Em execução","FUNDAÇÃO OSWALDO CRUZ","2025-11-03","2026-11-30","","","5720333.97","2026-09-26T03:04:13.250Z","https://api-publica.obrasgov.gestao.gov.br/obras/projeto-investimento?id_projeto_investimento=60185.29-20&pagina=1&tamanho_da_pagina=2"
"30125.26-63","Obra para Implantação do Sistema de Prevenção e Combate a Incêndio e Pânico no Hospital das Clínicas de Pernambuco- Filial Ebserh.","Recife","PE","Cadastrada","HOSPITAL DAS CLINICAS DE PERNAMBUCO","2024-01-15","2027-01-15","","","22559921.7","2026-09-26T03:04:13.451Z","https://api-publica.obrasgov.gestao.gov.br/obras/projeto-investimento?id_projeto_investimento=30125.26-63&pagina=1&tamanho_da_pagina=2"
"41201.26-60","Implantação de Próprios Nacionais Residenciais (PNR) de Suboficiais e Sargentos em Recife (PE)","Recife","PE","Em execução","COMANDO DA AERONÁUTICA","2024-08-06","2027-03-24","","","97845857.69","2026-09-26T03:04:13.645Z","https://api-publica.obrasgov.gestao.gov.br/obras/projeto-investimento?id_projeto_investimento=41201.26-60&pagina=1&tamanho_da_pagina=2"
